angle,hook_type,best_for,risk,use_when
Degree plus Skill Advantage,Rational aspiration,Students comparing generic degrees,Can sound generic without module proof,Top funnel awareness
Fast Employability,Urgency outcome,Early job seekers,Can over-attract low-intent leads,Lead-gen with quick response team
Middle Class Mobility,Hope and pragmatism,Value-driven families,Needs concrete role examples,Cold audiences from tier-2 and tier-3
No AI Panic,Fear-bust reassurance,Job security seekers,Avoid absolute anti-AI statements,Top funnel uncertainty segments
Role Clarity,Outcome specificity,Undecided students,Needs clear role list support,Mid funnel retargeting
Personality and Confidence,Transformation,Students with confidence gap,May underplay salary ambition,Video creatives with mentor tone
Value for Money,Rational value,Price-sensitive families,Can reduce premium perception if overused,Bottom funnel conversion campaigns
Parents Trust,Credibility and safety,Family-influenced decisions,Can feel conservative for youth,Lead forms with parent callback
Industry Relevance,Execution credibility,Serious career intent users,Needs evidence in landing flow,Retargeting and demo booking ads
